{"cameraMode":{"drawMode":0,"name":"Shaded","section":"Shading Mode"},"sceneLighting":true,"audioPlay":false,"sceneViewState":{"m_AlwaysRefresh":false,"showFog":true,"showSkybox":true,"showFlares":true,"showImageEffects":true,"showParticleSystems":true,"showVisualEffectGraphs":true,"m_FxEnabled":true},"in2DMode":false,"pivot":{"x":-0.20000004768371583,"y":15.399999618530274,"z":318.6000061035156},"rotation":{"x":-0.08540632575750351,"y":-0.08331464231014252,"z":0.00715983659029007,"w":-0.9928462505340576},"size":9.58719253540039,"orthographic":false}