{"cameraMode":{"drawMode":0,"name":"Shaded","section":"Shading Mode"},"sceneLighting":true,"audioPlay":false,"sceneViewState":{"m_AlwaysRefresh":false,"showFog":true,"showSkybox":true,"showFlares":true,"showImageEffects":true,"showParticleSystems":true,"showVisualEffectGraphs":true,"m_FxEnabled":true},"in2DMode":false,"pivot":{"x":-21.475690841674806,"y":14.558384895324707,"z":220.48812866210938},"rotation":{"x":0.1423228532075882,"y":0.009528634138405323,"z":-0.0013667141320183874,"w":0.9897993206977844},"size":31.627395629882814,"orthographic":false}