{"cameraMode":{"drawMode":0,"name":"Shaded","section":"Shading Mode"},"sceneLighting":false,"audioPlay":false,"sceneViewState":{"m_AlwaysRefresh":false,"showFog":true,"showSkybox":false,"showFlares":true,"showImageEffects":true,"showParticleSystems":true,"showVisualEffectGraphs":true,"m_FxEnabled":true},"in2DMode":false,"pivot":{"x":-1.1175870645585562e-10,"y":-0.00003553919304977171,"z":-0.0004458789771888405},"rotation":{"x":-0.0005569299100898206,"y":0.9981635212898254,"z":-0.009294123388826847,"w":-0.06029200926423073},"size":59.300315856933597,"orthographic":false}